create database if not exists templates;
use templates;

drop table if exists pattern;

create table if not exists pattern(
	id int unsigned auto_increment,
    type varchar(255) not null,
    pattern varchar(255) not null,
    priority int unsigned,
    type_index int unsigned,
    primary key (id)
    )engine=InnoDB default charset=utf8;

insert into pattern (type, pattern, priority, type_index) values ('SP_ANS', '[FEATURE:know]', 1, 1);
insert into pattern (type, pattern, priority, type_index) values ('SP_ANS', '[FEATURE:unknow]', 1, 1);
insert into pattern (type, pattern, priority, type_index) values ('SP_ANS', '[FEATURE:random][FEATURE:play][FEATURE:count][GENERAL:c_end]', 1, 1);
insert into pattern (type, pattern, priority, type_index) values ('SP_ANS', '[FEATURE:random][FEATURE:count][GENERAL:c_end]', 1, 1);
insert into pattern (type, pattern, priority, type_index) values ('SP_ANS', '[FEATURE:random][FEATURE:count]', 1, 1);
insert into pattern (type, pattern, priority, type_index) values ('SP_ANS', '[FEATURE:random]', 1, 1);
insert into pattern (type, pattern, priority, type_index) values ('SP_ANS', '都可以', 1, 1);
insert into pattern (type, pattern, priority, type_index) values ('SP_ANS', '无所谓', 1, 1);
insert into pattern (type, pattern, priority, type_index) values ('SP_ANS', '都行', 1, 1);
insert into pattern (type, pattern, priority, type_index) values ('PRIOR_MATCH', '那就(?P<Key>.+?)[FEATURE:alright]', 2, 2);
insert into pattern (type, pattern, priority, type_index) values ('PRIOR_MATCH', '那(?P<Key>.+?)[FEATURE:alright]', 2, 2);
insert into pattern (type, pattern, priority, type_index) values ('PRIOR_MATCH', '(?P<Key>.+?)[FEATURE:alright]', 2, 2);
insert into pattern (type, pattern, priority, type_index) values ('SIMPLE_LOGIC', '[FEATURE:other][FEATURE:more]推荐吗', 3, 3);
insert into pattern (type, pattern, priority, type_index) values ('SIMPLE_LOGIC', '[FEATURE:other][FEATURE:more]吗', 3, 3);
insert into pattern (type, pattern, priority, type_index) values ('SIMPLE_LOGIC', '[FEATURE:other]呢', 3, 3);
insert into pattern (type, pattern, priority, type_index) values ('SIMPLE_LOGIC', '[FEATURE:more]的呢', 3, 3);
insert into pattern (type, pattern, priority, type_index) values ('SIMPLE_LOGIC', '[FEATURE:more]呢', 3, 3);
insert into pattern (type, pattern, priority, type_index) values ('SIMPLE_LOGIC', '[FEATURE:more]有吗', 3, 3);
insert into pattern (type, pattern, priority, type_index) values ('SIMPLE_LOGIC', '换一换', 3, 3);
insert into pattern (type, pattern, priority, type_index) values ('SIMPLE_LOGIC', '换一些', 3, 3);
insert into pattern (type, pattern, priority, type_index) values ('SIMPLE_LOGIC', '下一页', 3, 3);
insert into pattern (type, pattern, priority, type_index) values ('SIMPLE_LOGIC', '[FEATURE:other][FEATURE:more](?P<Scope>.+?)吗', 3, 3);
insert into pattern (type, pattern, priority, type_index) values ('SIMPLE_LOGIC', '[FEATURE:other][FEATURE:more](?P<Scope>.+?)的呢', 3, 3);
insert into pattern (type, pattern, priority, type_index) values ('SIMPLE_LOGIC', '[FEATURE:other][FEATURE:what](?P<Scope>.+?)', 3, 3);
insert into pattern (type, pattern, priority, type_index) values ('SIMPLE_LOGIC', '[FEATURE:other]些什么(?P<Scope>.+?)', 3, 3);
insert into pattern (type, pattern, priority, type_index) values ('SIMPLE_LOGIC', '[FEATURE:more](?P<Scope>.+?)的呢', 3, 3);
insert into pattern (type, pattern, priority, type_index) values ('SIMPLE_LOGIC', '[FEATURE:more](?P<Scope>.+?)呢', 3, 3);
insert into pattern (type, pattern, priority, type_index) values ('SIMPLE_LOGIC', '[FEATURE:other][FEATURE:what](?P<Scope>.+?)呢', 3, 3);
insert into pattern (type, pattern, priority, type_index) values ('SIMPLE_LOGIC', '[FEATURE:other][FEATURE:what](?P<Scope>.+?)', 3, 3);
insert into pattern (type, pattern, priority, type_index) values ('SIMPLE_LOGIC', '[FEATURE:other]些什么(?P<Scope>.+?)', 3, 3);
insert into pattern (type, pattern, priority, type_index) values ('SIMPLE_LOGIC', '(?P<Refer>.+?)的[FEATURE:more](?P<Scope>.+?)呢', 3, 3);
insert into pattern (type, pattern, priority, type_index) values ('SIMPLE_LOGIC', '[FEATURE:other][FEATURE:more](?P<Scope>.+?)的(?P<Refer>.+?)吗', 3, 3);
insert into pattern (type, pattern, priority, type_index) values ('SIMPLE_LOGIC', '[FEATURE:other][FEATURE:more](?P<Scope>.+?)的(?P<Refer>.+?)', 3, 3);
insert into pattern (type, pattern, priority, type_index) values ('SWITCH', '那(?P<Label>.+?)的呢', 4, 4);
insert into pattern (type, pattern, priority, type_index) values ('SWITCH', '那(?P<Label>.+?)的歌呢', 4, 4);
insert into pattern (type, pattern, priority, type_index) values ('SWITCH', '那(?P<Label>.+?)唱的歌呢', 4, 4);
insert into pattern (type, pattern, priority, type_index) values ('COREFERENCE', '[GENERAL:c_start](?P<Person>.+?)[FEATURE:sing]的(?P<Scope>.+?)', 5, 5);
insert into pattern (type, pattern, priority, type_index) values ('COREFERENCE', '[GENERAL:c_start](?P<Person>.+?)[FEATURE:sing]的(?P<Label>.+?)[GENERAL:after_label]', 5, 5);
insert into pattern (type, pattern, priority, type_index) values ('COREFERENCE', '[GENERAL:c_start](?P<Person>.+?)[FEATURE:sing]的(?P<Undef>.+?)[GENERAL:after_label]', 5, 5);
insert into pattern (type, pattern, priority, type_index) values ('COREFERENCE', '[GENERAL:c_start]这张(?P<Thing>.+?)的(?P<Scope>.+?)', 5, 5);
insert into pattern (type, pattern, priority, type_index) values ('COREFERENCE', '[GENERAL:c_start]这个(?P<Thing>.+?)的(?P<Scope>.+?)', 5, 5);
insert into pattern (type, pattern, priority, type_index) values ('COREFERENCE', '[GENERAL:c_start]这首(?P<Thing>.+?)的(?P<Scope>.+?)', 5, 5);
insert into pattern (type, pattern, priority, type_index) values ('COREFERENCE', '[GENERAL:c_start]这(?P<Thing>.+?)的(?P<Scope>.+?)', 5, 5);
insert into pattern (type, pattern, priority, type_index) values ('COREFERENCE', '[GENERAL:c_start]那首(?P<Thing>.+?)的(?P<Scope>.+?)', 5, 5);
insert into pattern (type, pattern, priority, type_index) values ('COREFERENCE', '[GENERAL:c_start]那个(?P<Thing>.+?)的(?P<Scope>.+?)', 5, 5);
insert into pattern (type, pattern, priority, type_index) values ('COREFERENCE', '[GENERAL:c_start]那张(?P<Thing>.+?)的(?P<Scope>.+?)', 5, 5);
insert into pattern (type, pattern, priority, type_index) values ('COREFERENCE', '[GENERAL:c_start]那(?P<Thing>.+?)的(?P<Scope>.+?)', 5, 5);
insert into pattern (type, pattern, priority, type_index) values ('COREFERENCE', '[GENERAL:c_start]此张(?P<Thing>.+?)的(?P<Scope>.+?)', 5, 5);
insert into pattern (type, pattern, priority, type_index) values ('COREFERENCE', '[GENERAL:c_start]此个(?P<Thing>.+?)的(?P<Scope>.+?)', 5, 5);
insert into pattern (type, pattern, priority, type_index) values ('COREFERENCE', '[GENERAL:c_start]此首(?P<Thing>.+?)的(?P<Scope>.+?)', 5, 5);
insert into pattern (type, pattern, priority, type_index) values ('COREFERENCE', '[GENERAL:c_start]此(?P<Thing>.+?)的(?P<Scope>.+?)', 5, 5);
insert into pattern (type, pattern, priority, type_index) values ('COREFERENCE', '[GENERAL:c_start]这张(?P<Thing>.+?)的(?P<Label>.+?)[GENERAL:after_label]', 5, 5);
insert into pattern (type, pattern, priority, type_index) values ('COREFERENCE', '[GENERAL:c_start]这个(?P<Thing>.+?)的(?P<Label>.+?)[GENERAL:after_label]', 5, 5);
insert into pattern (type, pattern, priority, type_index) values ('COREFERENCE', '[GENERAL:c_start]这首(?P<Thing>.+?)的(?P<Label>.+?)[GENERAL:after_label]', 5, 5);
insert into pattern (type, pattern, priority, type_index) values ('COREFERENCE', '[GENERAL:c_start]这(?P<Thing>.+?)的(?P<Label>.+?)[GENERAL:after_label]', 5, 5);
insert into pattern (type, pattern, priority, type_index) values ('COREFERENCE', '[GENERAL:c_start]那首(?P<Thing>.+?)的(?P<Label>.+?)[GENERAL:after_label]', 5, 5);
insert into pattern (type, pattern, priority, type_index) values ('COREFERENCE', '[GENERAL:c_start]那个(?P<Thing>.+?)的(?P<Label>.+?)[GENERAL:after_label]', 5, 5);
insert into pattern (type, pattern, priority, type_index) values ('COREFERENCE', '[GENERAL:c_start]那张(?P<Thing>.+?)的(?P<Label>.+?)[GENERAL:after_label]', 5, 5);
insert into pattern (type, pattern, priority, type_index) values ('COREFERENCE', '[GENERAL:c_start]那(?P<Thing>.+?)的(?P<Label>.+?)[GENERAL:after_label]', 5, 5);
insert into pattern (type, pattern, priority, type_index) values ('COREFERENCE', '[GENERAL:c_start]此张(?P<Thing>.+?)的(?P<Label>.+?)[GENERAL:after_label]', 5, 5);
insert into pattern (type, pattern, priority, type_index) values ('COREFERENCE', '[GENERAL:c_start]此个(?P<Thing>.+?)的(?P<Label>.+?)[GENERAL:after_label]', 5, 5);
insert into pattern (type, pattern, priority, type_index) values ('COREFERENCE', '[GENERAL:c_start]此首(?P<Thing>.+?)的(?P<Label>.+?)[GENERAL:after_label]', 5, 5);
insert into pattern (type, pattern, priority, type_index) values ('COREFERENCE', '[GENERAL:c_start]此(?P<Thing>.+?)的(?P<Label>.+?)[GENERAL:after_label]', 5, 5);
insert into pattern (type, pattern, priority, type_index) values ('COREFERENCE', '[GENERAL:c_start]这张(?P<Thing>.+?)的(?P<Undef>.+?)', 5, 5);
insert into pattern (type, pattern, priority, type_index) values ('COREFERENCE', '[GENERAL:c_start]这个(?P<Thing>.+?)的(?P<Undef>.+?)', 5, 5);
insert into pattern (type, pattern, priority, type_index) values ('COREFERENCE', '[GENERAL:c_start]这首(?P<Thing>.+?)的(?P<Undef>.+?)', 5, 5);
insert into pattern (type, pattern, priority, type_index) values ('COREFERENCE', '[GENERAL:c_start]这(?P<Thing>.+?)的(?P<Undef>.+?)', 5, 5);
insert into pattern (type, pattern, priority, type_index) values ('COREFERENCE', '[GENERAL:c_start]那首(?P<Thing>.+?)的(?P<Undef>.+?)', 5, 5);
insert into pattern (type, pattern, priority, type_index) values ('COREFERENCE', '[GENERAL:c_start]那个(?P<Thing>.+?)的(?P<Undef>.+?)', 5, 5);
insert into pattern (type, pattern, priority, type_index) values ('COREFERENCE', '[GENERAL:c_start]那张(?P<Thing>.+?)的(?P<Undef>.+?)', 5, 5);
insert into pattern (type, pattern, priority, type_index) values ('COREFERENCE', '[GENERAL:c_start]那(?P<Thing>.+?)的(?P<Undef>.+?)', 5, 5);
insert into pattern (type, pattern, priority, type_index) values ('COREFERENCE', '[GENERAL:c_start]此张(?P<Thing>.+?)的(?P<Undef>.+?)', 5, 5);
insert into pattern (type, pattern, priority, type_index) values ('COREFERENCE', '[GENERAL:c_start]此个(?P<Thing>.+?)的(?P<Undef>.+?)', 5, 5);
insert into pattern (type, pattern, priority, type_index) values ('COREFERENCE', '[GENERAL:c_start]此首(?P<Thing>.+?)的(?P<Undef>.+?)', 5, 5);
insert into pattern (type, pattern, priority, type_index) values ('COREFERENCE', '[GENERAL:c_start]此(?P<Thing>.+?)的(?P<Undef>.+?)', 5, 5);
insert into pattern (type, pattern, priority, type_index) values ('COREFERENCE', '[GENERAL:c_start](?P<Person>.+?)[FEATURE:and](?P<Actor>.+?)[FEATURE:sing]的[GENERAL:c_end]', 5, 5);
insert into pattern (type, pattern, priority, type_index) values ('RELATION', '[GENERAL:q_start](?P<Entity>.+?)的(?P<Entity2>.+?)吗', 6, 6);
insert into pattern (type, pattern, priority, type_index) values ('RELATION', '[GENERAL:q_start](?P<Entity>.+?)的(?P<Entity2>.+?)', 6, 6);
insert into pattern (type, pattern, priority, type_index) values ('RELATION', '[GENERAL:c_start](?P<Entity>.+?)的(?P<Entity2>.+?)', 6, 6);
insert into pattern (type, pattern, priority, type_index) values ('COMMON', '[FEATURE:order]歌手(?P<Actor>.+?)', 7, 7);
insert into pattern (type, pattern, priority, type_index) values ('COMMON', '[FEATURE:order](?P<Actor>.+?)', 7, 7);
insert into pattern (type, pattern, priority, type_index) values ('COMMON', '[FEATURE:order]歌手(?P<Actor>.+?)的', 7, 7);
insert into pattern (type, pattern, priority, type_index) values ('COMMON', '[FEATURE:order](?P<Actor>.+?)的', 7, 7);
insert into pattern (type, pattern, priority, type_index) values ('COMMON', '[FEATURE:search]歌手(?P<Actor>.+?)的[GENERAL:c_end]', 7, 7);
insert into pattern (type, pattern, priority, type_index) values ('COMMON', '[FEATURE:search](?P<Actor>.+?)的[GENERAL:c_end]', 7, 7);
insert into pattern (type, pattern, priority, type_index) values ('COMMON', '[FEATURE:unknow]歌手(?P<Actor>.+?)的[GENERAL:c_end]', 7, 7);
insert into pattern (type, pattern, priority, type_index) values ('COMMON', '[FEATURE:unknow](?P<Actor>.+?)的[GENERAL:c_end]', 7, 7);
insert into pattern (type, pattern, priority, type_index) values ('COMMON', '[FEATURE:unknow](?P<Undef>.+?)的', 7, 7);
insert into pattern (type, pattern, priority, type_index) values ('COMMON', '[GENERAL:c_start][GENERAL:c_end](?P<Song>.+?)', 7, 7);
insert into pattern (type, pattern, priority, type_index) values ('COMMON', '帮我[FEATURE:order](?P<Song>.+?)', 7, 7);
insert into pattern (type, pattern, priority, type_index) values ('COMMON', '[FEATURE:search](?P<Song>.+?)这首[GENERAL:c_end]', 7, 7);
insert into pattern (type, pattern, priority, type_index) values ('COMMON', '[FEATURE:search](?P<Song>.+?)这[GENERAL:c_end]', 7, 7);
insert into pattern (type, pattern, priority, type_index) values ('COMMON', '[GENERAL:c_start](?P<Lyricwriter>.+?)作词的[GENERAL:c_end]', 7, 7);
insert into pattern (type, pattern, priority, type_index) values ('COMMON', '[GENERAL:c_start](?P<Composer>.+?)作曲的[GENERAL:c_end]', 7, 7);
insert into pattern (type, pattern, priority, type_index) values ('COMMON', '(?P<Lyricwriter>.+?)作词的[GENERAL:c_end]有没有', 7, 7);
insert into pattern (type, pattern, priority, type_index) values ('COMMON', '(?P<Lyricwriter>.+?)作词的[GENERAL:c_end]有哪些', 7, 7);
insert into pattern (type, pattern, priority, type_index) values ('COMMON', '(?P<Lyricwriter>.+?)作词的[GENERAL:c_end]有吗', 7, 7);
insert into pattern (type, pattern, priority, type_index) values ('COMMON', '(?P<Composer>.+?)作曲的[GENERAL:c_end]有没有', 7, 7);
insert into pattern (type, pattern, priority, type_index) values ('COMMON', '(?P<Composer>.+?)作曲的[GENERAL:c_end]有哪些', 7, 7);
insert into pattern (type, pattern, priority, type_index) values ('COMMON', '(?P<Composer>.+?)作曲的[GENERAL:c_end]有吗', 7, 7);
insert into pattern (type, pattern, priority, type_index) values ('COMMON', '[GENERAL:c_start](?P<Lyricwriter>.+?)作词的(?P<Undef>.+?)', 7, 7);
insert into pattern (type, pattern, priority, type_index) values ('COMMON', '[GENERAL:c_start](?P<Composer>.+?)作曲的(?P<Undef>.+?)', 7, 7);
insert into pattern (type, pattern, priority, type_index) values ('COMMON', '[GENERAL:c_start][FEATURE:video](?P<MovieLabel>.+?)中的[FEATURE:theme_song]', 7, 7);
insert into pattern (type, pattern, priority, type_index) values ('COMMON', '[GENERAL:c_start][FEATURE:video](?P<MovieLabel>.+?)里面的[FEATURE:theme_song]', 7, 7);
insert into pattern (type, pattern, priority, type_index) values ('COMMON', '[GENERAL:c_start][FEATURE:video](?P<MovieLabel>.+?)里的[FEATURE:theme_song]', 7, 7);
insert into pattern (type, pattern, priority, type_index) values ('COMMON', '[GENERAL:c_start][FEATURE:video](?P<MovieLabel>.+?)里边的[FEATURE:theme_song]', 7, 7);
insert into pattern (type, pattern, priority, type_index) values ('COMMON', '[GENERAL:c_start](?P<MovieLabel>.+?)这部[FEATURE:video]中的[FEATURE:theme_song]', 7, 7);
insert into pattern (type, pattern, priority, type_index) values ('COMMON', '[GENERAL:c_start](?P<MovieLabel>.+?)这部[FEATURE:video]里面的[FEATURE:theme_song]', 7, 7);
insert into pattern (type, pattern, priority, type_index) values ('COMMON', '[GENERAL:c_start](?P<MovieLabel>.+?)这部[FEATURE:video]里的[FEATURE:theme_song]', 7, 7);
insert into pattern (type, pattern, priority, type_index) values ('COMMON', '[GENERAL:c_start](?P<MovieLabel>.+?)这部[FEATURE:video]里边的[FEATURE:theme_song]', 7, 7);
insert into pattern (type, pattern, priority, type_index) values ('COMMON', '[GENERAL:c_start](?P<MovieLabel>.+?)那部[FEATURE:video]中的[FEATURE:theme_song]', 7, 7);
insert into pattern (type, pattern, priority, type_index) values ('COMMON', '[GENERAL:c_start](?P<MovieLabel>.+?)那部[FEATURE:video]里面的[FEATURE:theme_song]', 7, 7);
insert into pattern (type, pattern, priority, type_index) values ('COMMON', '[GENERAL:c_start](?P<MovieLabel>.+?)那部[FEATURE:video]里边的[FEATURE:theme_song]', 7, 7);
insert into pattern (type, pattern, priority, type_index) values ('COMMON', '[GENERAL:c_start](?P<MovieLabel>.+?)那部[FEATURE:video]里的[FEATURE:theme_song]', 7, 7);
insert into pattern (type, pattern, priority, type_index) values ('COMMON', '[GENERAL:c_start](?P<MovieLabel>.+?)[FEATURE:video]中的[FEATURE:theme_song]', 7, 7);
insert into pattern (type, pattern, priority, type_index) values ('COMMON', '[GENERAL:c_start](?P<MovieLabel>.+?)[FEATURE:video]里面的[FEATURE:theme_song]', 7, 7);
insert into pattern (type, pattern, priority, type_index) values ('COMMON', '[GENERAL:c_start](?P<MovieLabel>.+?)[FEATURE:video]里边的[FEATURE:theme_song]', 7, 7);
insert into pattern (type, pattern, priority, type_index) values ('COMMON', '[GENERAL:c_start](?P<MovieLabel>.+?)[FEATURE:video]里的[FEATURE:theme_song]', 7, 7);
insert into pattern (type, pattern, priority, type_index) values ('COMMON', '[GENERAL:q_start](?P<Actor>.+?)[FEATURE:sing][GENERAL:q_end]', 7, 7);

select * from pattern;

drop table if exists general;

create table if not exists general(
    id int unsigned auto_increment,
    general_key varchar(255) not null,
    general_value varchar(255) not null,
    primary key (id)
    )engine=InnoDB default charset=utf8;

insert into general (general_key, general_value) values ('c_start', '我想要');
insert into general (general_key, general_value) values ('c_start', '我想要听');
insert into general (general_key, general_value) values ('c_start', '我要听');
insert into general (general_key, general_value) values ('c_start', '我要');
insert into general (general_key, general_value) values ('c_start', '推荐给我一首');
insert into general (general_key, general_value) values ('c_start', '推荐给我几首');
insert into general (general_key, general_value) values ('c_start', '推荐几首');
insert into general (general_key, general_value) values ('c_start', '推荐一首');
insert into general (general_key, general_value) values ('c_start', '推荐首');
insert into general (general_key, general_value) values ('c_start', '来一首');
insert into general (general_key, general_value) values ('c_start', '来首');
insert into general (general_key, general_value) values ('c_start', '来两首');
insert into general (general_key, general_value) values ('c_start', '来几首');
insert into general (general_key, general_value) values ('c_start', '求几首');
insert into general (general_key, general_value) values ('c_start', '求一首');
insert into general (general_key, general_value) values ('c_start', '求两首');
insert into general (general_key, general_value) values ('c_start', '弄两首');
insert into general (general_key, general_value) values ('c_start', '弄一首');
insert into general (general_key, general_value) values ('c_start', '弄几首');
insert into general (general_key, general_value) values ('c_start', '找出');
insert into general (general_key, general_value) values ('c_start', '找出一首');
insert into general (general_key, general_value) values ('c_start', '给我一首');
insert into general (general_key, general_value) values ('c_start', '给我来一首');
insert into general (general_key, general_value) values ('c_start', '给来一首');
insert into general (general_key, general_value) values ('c_start', '有没有一首');
insert into general (general_key, general_value) values ('c_start', '有没有');
insert into general (general_key, general_value) values ('c_start', '请播放');
insert into general (general_key, general_value) values ('c_start', '请播放一首');
insert into general (general_key, general_value) values ('c_start', '请播放几首');
insert into general (general_key, general_value) values ('c_start', '请播放两首');
insert into general (general_key, general_value) values ('c_start', '请播放一些');
insert into general (general_key, general_value) values ('c_start', '请给我播放一些');
insert into general (general_key, general_value) values ('c_start', '请我播放一些');
insert into general (general_key, general_value) values ('c_start', '请给我播放一首');
insert into general (general_key, general_value) values ('c_start', '请我播放一首');
insert into general (general_key, general_value) values ('c_start', '请给我播放两首');
insert into general (general_key, general_value) values ('c_start', '请我播放两首');
insert into general (general_key, general_value) values ('c_start', '请给我播放几首');
insert into general (general_key, general_value) values ('c_start', '请我播放几首');
insert into general (general_key, general_value) values ('c_start', '请给我播放');
insert into general (general_key, general_value) values ('c_start', '请放');
insert into general (general_key, general_value) values ('c_start', '请放一首');
insert into general (general_key, general_value) values ('c_start', '请放几首');
insert into general (general_key, general_value) values ('c_start', '请放两首');
insert into general (general_key, general_value) values ('c_start', '请放一些');
insert into general (general_key, general_value) values ('c_start', '请给我放一些');
insert into general (general_key, general_value) values ('c_start', '请我放一些');
insert into general (general_key, general_value) values ('c_start', '请给我放一首');
insert into general (general_key, general_value) values ('c_start', '请我放一首');
insert into general (general_key, general_value) values ('c_start', '请给我放两首');
insert into general (general_key, general_value) values ('c_start', '请我放两首');
insert into general (general_key, general_value) values ('c_start', '请给我放几首');
insert into general (general_key, general_value) values ('c_start', '请我放几首');
insert into general (general_key, general_value) values ('c_start', '请给我放');
insert into general (general_key, general_value) values ('c_start', '请播');
insert into general (general_key, general_value) values ('c_start', '请播一首');
insert into general (general_key, general_value) values ('c_start', '请播几首');
insert into general (general_key, general_value) values ('c_start', '请播两首');
insert into general (general_key, general_value) values ('c_start', '请播一些');
insert into general (general_key, general_value) values ('c_start', '请给我播一些');
insert into general (general_key, general_value) values ('c_start', '请我播一些');
insert into general (general_key, general_value) values ('c_start', '请给我播一首');
insert into general (general_key, general_value) values ('c_start', '请我播一首');
insert into general (general_key, general_value) values ('c_start', '请给我播两首');
insert into general (general_key, general_value) values ('c_start', '请我播两首');
insert into general (general_key, general_value) values ('c_start', '请给我播几首');
insert into general (general_key, general_value) values ('c_start', '请我播几首');
insert into general (general_key, general_value) values ('c_start', '请给我播');
insert into general (general_key, general_value) values ('c_start', '请推荐');
insert into general (general_key, general_value) values ('c_start', '请推荐一首');
insert into general (general_key, general_value) values ('c_start', '请推荐几首');
insert into general (general_key, general_value) values ('c_start', '请推荐两首');
insert into general (general_key, general_value) values ('c_start', '请推荐一些');
insert into general (general_key, general_value) values ('c_start', '请给我推荐一些');
insert into general (general_key, general_value) values ('c_start', '请我推荐一些');
insert into general (general_key, general_value) values ('c_start', '请给我推荐一首');
insert into general (general_key, general_value) values ('c_start', '请我推荐一首');
insert into general (general_key, general_value) values ('c_start', '请给我推荐两首');
insert into general (general_key, general_value) values ('c_start', '请我推荐两首');
insert into general (general_key, general_value) values ('c_start', '请给我推荐几首');
insert into general (general_key, general_value) values ('c_start', '请我推荐几首');
insert into general (general_key, general_value) values ('c_start', '请给我推荐');
insert into general (general_key, general_value) values ('c_start', '请查找');
insert into general (general_key, general_value) values ('c_start', '请查找一首');
insert into general (general_key, general_value) values ('c_start', '请查找几首');
insert into general (general_key, general_value) values ('c_start', '请查找两首');
insert into general (general_key, general_value) values ('c_start', '请查找一些');
insert into general (general_key, general_value) values ('c_start', '请给我查找一些');
insert into general (general_key, general_value) values ('c_start', '请我查找一些');
insert into general (general_key, general_value) values ('c_start', '请给我查找一首');
insert into general (general_key, general_value) values ('c_start', '请我查找一首');
insert into general (general_key, general_value) values ('c_start', '请给我查找两首');
insert into general (general_key, general_value) values ('c_start', '请我查找两首');
insert into general (general_key, general_value) values ('c_start', '请给我查找几首');
insert into general (general_key, general_value) values ('c_start', '请我查找几首');
insert into general (general_key, general_value) values ('c_start', '请给我查找');
insert into general (general_key, general_value) values ('c_start', '请找');
insert into general (general_key, general_value) values ('c_start', '请找一首');
insert into general (general_key, general_value) values ('c_start', '请找几首');
insert into general (general_key, general_value) values ('c_start', '请找两首');
insert into general (general_key, general_value) values ('c_start', '请找一些');
insert into general (general_key, general_value) values ('c_start', '请给我找一些');
insert into general (general_key, general_value) values ('c_start', '请我找一些');
insert into general (general_key, general_value) values ('c_start', '请给我找一首');
insert into general (general_key, general_value) values ('c_start', '请我找一首');
insert into general (general_key, general_value) values ('c_start', '请给我找两首');
insert into general (general_key, general_value) values ('c_start', '请我找两首');
insert into general (general_key, general_value) values ('c_start', '请给我找几首');
insert into general (general_key, general_value) values ('c_start', '请我找几首');
insert into general (general_key, general_value) values ('c_start', '请给我找');
insert into general (general_key, general_value) values ('c_start', '请查');
insert into general (general_key, general_value) values ('c_start', '请查一首');
insert into general (general_key, general_value) values ('c_start', '请查几首');
insert into general (general_key, general_value) values ('c_start', '请查两首');
insert into general (general_key, general_value) values ('c_start', '请查一些');
insert into general (general_key, general_value) values ('c_start', '请给我查一些');
insert into general (general_key, general_value) values ('c_start', '请我查一些');
insert into general (general_key, general_value) values ('c_start', '请给我查一首');
insert into general (general_key, general_value) values ('c_start', '请我查一首');
insert into general (general_key, general_value) values ('c_start', '请给我查两首');
insert into general (general_key, general_value) values ('c_start', '请我查两首');
insert into general (general_key, general_value) values ('c_start', '请给我查几首');
insert into general (general_key, general_value) values ('c_start', '请我查几首');
insert into general (general_key, general_value) values ('c_start', '请给我查');
insert into general (general_key, general_value) values ('c_start', '请查询');
insert into general (general_key, general_value) values ('c_start', '请查询一首');
insert into general (general_key, general_value) values ('c_start', '请查询几首');
insert into general (general_key, general_value) values ('c_start', '请查询两首');
insert into general (general_key, general_value) values ('c_start', '请查询一些');
insert into general (general_key, general_value) values ('c_start', '请给我查询一些');
insert into general (general_key, general_value) values ('c_start', '请我查询一些');
insert into general (general_key, general_value) values ('c_start', '请给我查询一首');
insert into general (general_key, general_value) values ('c_start', '请我查询一首');
insert into general (general_key, general_value) values ('c_start', '请给我查询两首');
insert into general (general_key, general_value) values ('c_start', '请我查询两首');
insert into general (general_key, general_value) values ('c_start', '请给我查询几首');
insert into general (general_key, general_value) values ('c_start', '请我查询几首');
insert into general (general_key, general_value) values ('c_start', '请给我查询');
insert into general (general_key, general_value) values ('c_end', '音乐');
insert into general (general_key, general_value) values ('c_end', '歌曲');
insert into general (general_key, general_value) values ('c_end', '曲子');
insert into general (general_key, general_value) values ('c_end', '歌');
insert into general (general_key, general_value) values ('c_end', '乐曲');
insert into general (general_key, general_value) values ('c_end', '配乐');
insert into general (general_key, general_value) values ('q_start', '能播放');
insert into general (general_key, general_value) values ('q_start', '能播');
insert into general (general_key, general_value) values ('q_start', '能放');
insert into general (general_key, general_value) values ('q_start', '请问能播放');
insert into general (general_key, general_value) values ('q_start', '请问能播');
insert into general (general_key, general_value) values ('q_start', '请问能放');
insert into general (general_key, general_value) values ('q_start', '可以播放');
insert into general (general_key, general_value) values ('q_start', '可以播');
insert into general (general_key, general_value) values ('q_start', '可以放');
insert into general (general_key, general_value) values ('q_start', '请问可以播放');
insert into general (general_key, general_value) values ('q_start', '请问可以播');
insert into general (general_key, general_value) values ('q_start', '请问可以放');
insert into general (general_key, general_value) values ('q_start', '请问有');
insert into general (general_key, general_value) values ('q_start', '有');
insert into general (general_key, general_value) values ('q_start', '有一首');
insert into general (general_key, general_value) values ('q_start', '请问有一首');
insert into general (general_key, general_value) values ('q_start', '请问能播放一首');
insert into general (general_key, general_value) values ('q_start', '请问能播一首');
insert into general (general_key, general_value) values ('q_start', '请问能放一首');
insert into general (general_key, general_value) values ('q_start', '请问可以播放一首');
insert into general (general_key, general_value) values ('q_start', '请问可以播一首');
insert into general (general_key, general_value) values ('q_start', '请问可以放一首');
insert into general (general_key, general_value) values ('q_start', '请问能给我一首');
insert into general (general_key, general_value) values ('q_start', '能给我一首');
insert into general (general_key, general_value) values ('q_start', '能放给我一首');
insert into general (general_key, general_value) values ('q_start', '能播放给我一首');
insert into general (general_key, general_value) values ('q_start', '能播给我一首');
insert into general (general_key, general_value) values ('q_start', '能播一首');
insert into general (general_key, general_value) values ('q_start', '请问能播一首');
insert into general (general_key, general_value) values ('q_start', '能放一首');
insert into general (general_key, general_value) values ('q_start', '请问能放一首');
insert into general (general_key, general_value) values ('q_start', '请问能播放一首');
insert into general (general_key, general_value) values ('q_start', '请问能播放');
insert into general (general_key, general_value) values ('q_start', '请问能放');
insert into general (general_key, general_value) values ('q_start', '请问能播');
insert into general (general_key, general_value) values ('q_start', '请问可以播放');
insert into general (general_key, general_value) values ('q_start', '请问可以播放一首');
insert into general (general_key, general_value) values ('q_start', '请问可以给我一首');
insert into general (general_key, general_value) values ('q_start', '可以播放一首');
insert into general (general_key, general_value) values ('q_start', '可以给我一首');
insert into general (general_key, general_value) values ('q_start', '可以推荐一首');
insert into general (general_key, general_value) values ('q_start', '可以推荐');
insert into general (general_key, general_value) values ('q_start', '能推荐一首');
insert into general (general_key, general_value) values ('q_start', '能推荐');
insert into general (general_key, general_value) values ('q_start', '请问能推荐');
insert into general (general_key, general_value) values ('q_start', '请问能推荐一首');
insert into general (general_key, general_value) values ('q_end', '的吗');
insert into general (general_key, general_value) values ('q_end', '的歌吗');
insert into general (general_key, general_value) values ('q_end', '的音乐吗');
insert into general (general_key, general_value) values ('q_end', '的歌曲吗');
insert into general (general_key, general_value) values ('q_end', '的曲子吗');
insert into general (general_key, general_value) values ('q_end', '的乐曲吗');
insert into general (general_key, general_value) values ('q_end', '的配乐吗');
insert into general (general_key, general_value) values ('before_label', '比较');
insert into general (general_key, general_value) values ('before_label', '有点');
insert into general (general_key, general_value) values ('before_label', '稍微');
insert into general (general_key, general_value) values ('before_label', '有关');
insert into general (general_key, general_value) values ('before_label', '非常');
insert into general (general_key, general_value) values ('before_label', '很');
insert into general (general_key, general_value) values ('after_label', '的时候听的歌');
insert into general (general_key, general_value) values ('after_label', '的时候放的歌');
insert into general (general_key, general_value) values ('after_label', '的时候播放的歌');
insert into general (general_key, general_value) values ('after_label', '的时候播的歌');
insert into general (general_key, general_value) values ('after_label', '时播放的歌');
insert into general (general_key, general_value) values ('after_label', '时放的歌');
insert into general (general_key, general_value) values ('after_label', '时听的歌');
insert into general (general_key, general_value) values ('after_label', '时播的歌');
insert into general (general_key, general_value) values ('after_label', '的时候听的音乐');
insert into general (general_key, general_value) values ('after_label', '的时候放的音乐');
insert into general (general_key, general_value) values ('after_label', '的时候播放的音乐');
insert into general (general_key, general_value) values ('after_label', '的时候播的音乐');
insert into general (general_key, general_value) values ('after_label', '时播放的音乐');
insert into general (general_key, general_value) values ('after_label', '时放的音乐');
insert into general (general_key, general_value) values ('after_label', '时听的音乐');
insert into general (general_key, general_value) values ('after_label', '时播的音乐');
insert into general (general_key, general_value) values ('after_label', '的时候听的歌曲');
insert into general (general_key, general_value) values ('after_label', '的时候放的歌曲');
insert into general (general_key, general_value) values ('after_label', '的时候播放的歌曲');
insert into general (general_key, general_value) values ('after_label', '的时候播的歌曲');
insert into general (general_key, general_value) values ('after_label', '时播放的歌曲');
insert into general (general_key, general_value) values ('after_label', '时放的歌曲');
insert into general (general_key, general_value) values ('after_label', '时听的歌曲');
insert into general (general_key, general_value) values ('after_label', '时播的歌曲');
insert into general (general_key, general_value) values ('after_label', '的时候听的曲子');
insert into general (general_key, general_value) values ('after_label', '的时候放的曲子');
insert into general (general_key, general_value) values ('after_label', '的时候播放的曲子');
insert into general (general_key, general_value) values ('after_label', '的时候播的曲子');
insert into general (general_key, general_value) values ('after_label', '时播放的曲子');
insert into general (general_key, general_value) values ('after_label', '时放的曲子');
insert into general (general_key, general_value) values ('after_label', '时听的曲子');
insert into general (general_key, general_value) values ('after_label', '时播的曲子');
insert into general (general_key, general_value) values ('after_label', '放的');
insert into general (general_key, general_value) values ('after_label', '播放的');
insert into general (general_key, general_value) values ('after_label', '播的');
insert into general (general_key, general_value) values ('after_label', '听的');
insert into general (general_key, general_value) values ('after_label', '时听的');
insert into general (general_key, general_value) values ('after_label', '时播放的');
insert into general (general_key, general_value) values ('after_label', '时播的');
insert into general (general_key, general_value) values ('after_label', '时放的');
insert into general (general_key, general_value) values ('after_label', '一点的音乐');
insert into general (general_key, general_value) values ('after_label', '一点的歌曲');
insert into general (general_key, general_value) values ('after_label', '一点的歌');
insert into general (general_key, general_value) values ('after_label', '一点的曲子');
insert into general (general_key, general_value) values ('after_label', '风格的音乐');
insert into general (general_key, general_value) values ('after_label', '风格的歌曲');
insert into general (general_key, general_value) values ('after_label', '风格的歌');
insert into general (general_key, general_value) values ('after_label', '风格的曲子');
insert into general (general_key, general_value) values ('after_album', '专辑里面的');
insert into general (general_key, general_value) values ('after_album', '专辑里的');
insert into general (general_key, general_value) values ('after_album', '专辑里边的');
insert into general (general_key, general_value) values ('after_album', '专辑中的');
insert into general (general_key, general_value) values ('after_album', '这张专辑里面的');
insert into general (general_key, general_value) values ('after_album', '这张专辑里的');
insert into general (general_key, general_value) values ('after_album', '这张专辑里边的');
insert into general (general_key, general_value) values ('after_album', '这张专辑中的');
insert into general (general_key, general_value) values ('after_album', '这个专辑里面的');
insert into general (general_key, general_value) values ('after_album', '这个专辑里的');
insert into general (general_key, general_value) values ('after_album', '这个专辑里边的');
insert into general (general_key, general_value) values ('after_album', '这个专辑中的');
insert into general (general_key, general_value) values ('after_album', '这专辑里面的');
insert into general (general_key, general_value) values ('after_album', '这专辑里的');
insert into general (general_key, general_value) values ('after_album', '这专辑里边的');
insert into general (general_key, general_value) values ('after_album', '这专辑中的');
insert into general (general_key, general_value) values ('after_album', '那张专辑里面的');
insert into general (general_key, general_value) values ('after_album', '那张专辑里的');
insert into general (general_key, general_value) values ('after_album', '那张专辑里边的');
insert into general (general_key, general_value) values ('after_album', '那张专辑中的');
insert into general (general_key, general_value) values ('after_album', '里面的');
insert into general (general_key, general_value) values ('after_album', '里的');
insert into general (general_key, general_value) values ('after_album', '里边的');
insert into general (general_key, general_value) values ('after_album', '中的');
insert into general (general_key, general_value) values ('after_album', '这张里面的');
insert into general (general_key, general_value) values ('after_album', '这张里的');
insert into general (general_key, general_value) values ('after_album', '这张里边的');
insert into general (general_key, general_value) values ('after_album', '这张中的');
insert into general (general_key, general_value) values ('after_album', '这个里面的');
insert into general (general_key, general_value) values ('after_album', '这个里的');
insert into general (general_key, general_value) values ('after_album', '这个里边的');
insert into general (general_key, general_value) values ('after_album', '这个中的');
insert into general (general_key, general_value) values ('after_album', '这里面的');
insert into general (general_key, general_value) values ('after_album', '这里的');
insert into general (general_key, general_value) values ('after_album', '这里边的');
insert into general (general_key, general_value) values ('after_album', '这中的');
insert into general (general_key, general_value) values ('after_album', '那张里面的');
insert into general (general_key, general_value) values ('after_album', '那张里的');
insert into general (general_key, general_value) values ('after_album', '那张里边的');
insert into general (general_key, general_value) values ('after_album', '那张中的');

select * from general;

drop table if exists dict;

create table if not exists dict(
	id int unsigned auto_increment,
    dict_key varchar(255) not null,
    dict_value varchar(255) not null,
    primary key (id)
    )engine=InnoDB default charset=utf8;

insert into dict (dict_key, dict_value) values ('know', '知道');
insert into dict (dict_key, dict_value) values ('know', '知道呀');
insert into dict (dict_key, dict_value) values ('know', '知道啊');
insert into dict (dict_key, dict_value) values ('unknow', '不知道');
insert into dict (dict_key, dict_value) values ('unknow', '不清楚');
insert into dict (dict_key, dict_value) values ('unknow', '不确定');
insert into dict (dict_key, dict_value) values ('unknow', '不懂');
insert into dict (dict_key, dict_value) values ('random', '随便');
insert into dict (dict_key, dict_value) values ('random', '任意');
insert into dict (dict_key, dict_value) values ('random', '随机');
insert into dict (dict_key, dict_value) values ('random', '随意');
insert into dict (dict_key, dict_value) values ('play', '播放');
insert into dict (dict_key, dict_value) values ('play', '放');
insert into dict (dict_key, dict_value) values ('play', '播');
insert into dict (dict_key, dict_value) values ('play', '来');
insert into dict (dict_key, dict_value) values ('count', '一首');
insert into dict (dict_key, dict_value) values ('count', '两首');
insert into dict (dict_key, dict_value) values ('count', '几首');
insert into dict (dict_key, dict_value) values ('count', '几首');
insert into dict (dict_key, dict_value) values ('alright', '的吧');
insert into dict (dict_key, dict_value) values ('alright', '吧');
insert into dict (dict_key, dict_value) values ('alright', '的');
insert into dict (dict_key, dict_value) values ('alright', '的好了');
insert into dict (dict_key, dict_value) values ('other', '还有');
insert into dict (dict_key, dict_value) values ('other', '别的');
insert into dict (dict_key, dict_value) values ('more', '别的');
insert into dict (dict_key, dict_value) values ('more', '更多');
insert into dict (dict_key, dict_value) values ('more', '其他');
insert into dict (dict_key, dict_value) values ('what', '什么');
insert into dict (dict_key, dict_value) values ('what', '哪些');
insert into dict (dict_key, dict_value) values ('sing', '演唱');
insert into dict (dict_key, dict_value) values ('sing', '唱');
insert into dict (dict_key, dict_value) values ('and', '和');
insert into dict (dict_key, dict_value) values ('and', '跟');
insert into dict (dict_key, dict_value) values ('order', '来一首');
insert into dict (dict_key, dict_value) values ('order', '来一个');
insert into dict (dict_key, dict_value) values ('order', '来个');
insert into dict (dict_key, dict_value) values ('order', '来首');
insert into dict (dict_key, dict_value) values ('search', '搜索');
insert into dict (dict_key, dict_value) values ('search', '搜');
insert into dict (dict_key, dict_value) values ('search', '搜一下');
insert into dict (dict_key, dict_value) values ('video', '电影');
insert into dict (dict_key, dict_value) values ('video', '电视剧');
insert into dict (dict_key, dict_value) values ('video', '美剧');
insert into dict (dict_key, dict_value) values ('video', '韩剧');
insert into dict (dict_key, dict_value) values ('video', '日剧');
insert into dict (dict_key, dict_value) values ('video', '英剧');
insert into dict (dict_key, dict_value) values ('video', '泰剧');
insert into dict (dict_key, dict_value) values ('video', '国产剧');
insert into dict (dict_key, dict_value) values ('theme_song', '主题曲');
insert into dict (dict_key, dict_value) values ('theme_song', '片头曲');
insert into dict (dict_key, dict_value) values ('theme_song', '片尾曲');
insert into dict (dict_key, dict_value) values ('theme_song', '插曲');

select * from dict;

drop table if exists slots;

create table if not exists slots(
	id int unsigned auto_increment,
    slot_key varchar(255) not null,
    primary key (id)
    )engine=InnoDB default charset=utf8;

insert into slots (slot_key) values ('Key');
insert into slots (slot_key) values ('Scope');
insert into slots (slot_key) values ('Refer');
insert into slots (slot_key) values ('Label');
insert into slots (slot_key) values ('Person');
insert into slots (slot_key) values ('Undef');
insert into slots (slot_key) values ('Thing');
insert into slots (slot_key) values ('Actor');
insert into slots (slot_key) values ('Entity');
insert into slots (slot_key) values ('Entity2');
insert into slots (slot_key) values ('Song');
insert into slots (slot_key) values ('Lyricwriter');
insert into slots (slot_key) values ('Composer');
insert into slots (slot_key) values ('MovieLabel');

select * from slots;

drop table if exists features_index;

create table if not exists features_index(
	id int unsigned auto_increment,
    feature_key varchar(255) not null,
    primary key (id)
    )engine=InnoDB default charset=utf8;

insert into features_index (feature_key) values ('know');
insert into features_index (feature_key) values ('unknow');
insert into features_index (feature_key) values ('random');
insert into features_index (feature_key) values ('play');
insert into features_index (feature_key) values ('count');
insert into features_index (feature_key) values ('alright');
insert into features_index (feature_key) values ('other');
insert into features_index (feature_key) values ('more');
insert into features_index (feature_key) values ('what');
insert into features_index (feature_key) values ('sing');
insert into features_index (feature_key) values ('and');
insert into features_index (feature_key) values ('order');
insert into features_index (feature_key) values ('search');
insert into features_index (feature_key) values ('video');
insert into features_index (feature_key) values ('theme_song');

select * from features_index;

drop table if exists generals_index;

create table if not exists generals_index(
	id int unsigned auto_increment,
    general_key varchar(255) not null,
    primary key (id)
    )engine=InnoDB default charset=utf8;

insert into generals_index (general_key) values ('c_start');
insert into generals_index (general_key) values ('c_end');
insert into generals_index (general_key) values ('q_start');
insert into generals_index (general_key) values ('q_end');
insert into generals_index (general_key) values ('before_label');
insert into generals_index (general_key) values ('after_label');
insert into generals_index (general_key) values ('after_album');

select * from generals_index;